<?xml version="1.0" encoding="UTF-8"?>
<beans xmlns="http://www.springframework.org/schema/beans"
       xmlns:xsi="http://www.w3.org/2001/XMLSchema-instance"
       xmlns:context="http://www.springframework.org/schema/context"
       xmlns:mvc="http://www.springframework.org/schema/mvc" xmlns:aop="http://www.springframework.org/schema/aop"
       xsi:schemaLocation="http://www.springframework.org/schema/beans http://www.springframework.org/schema/beans/spring-beans.xsd http://www.springframework.org/schema/context http://www.springframework.org/schema/context/spring-context.xsd http://www.springframework.org/schema/mvc http://www.springframework.org/schema/mvc/spring-mvc.xsd http://www.springframework.org/schema/aop http://www.springframework.org/schema/aop/spring-aop.xsd">

    <mvc:default-servlet-handler/>
    <bean class="cn.dakaqi.blank.util.MySwaggerConfig"/>
    <mvc:interceptors>
        <bean class="cn.dakaqi.blank.auth.WeixinInterceptor"/>
        <mvc:interceptor>
            <mvc:mapping path="/channelAdmin/**"/>
            <!-- 定义在mvc:interceptor下面的表示是对特定的请求才进行拦截的 -->
            <bean class="cn.dakaqi.blank.auth.LoginInterceptor"/>
        </mvc:interceptor>
    </mvc:interceptors>

    <!-- Controller包(自动注入) <context:component-scan base-package="cn.dakaqi.blank.controller"/>-->
    <context:component-scan base-package="cn.dakaqi.blank.controller" use-default-filters="false">
        <context:include-filter type="annotation" expression="org.springframework.stereotype.Controller"/>
        <context:include-filter type="annotation" expression="org.springframework.web.bind.annotation.ControllerAdvice"/>
    </context:component-scan>

    <aop:aspectj-autoproxy proxy-target-class="true"/>

    <!-- FastJson注入 -->
    <mvc:annotation-driven validator="validator">
        <mvc:message-converters register-defaults="true">
            <!-- 将StringHttpMessageConverter的默认编码设为UTF-8 -->
            <bean class="org.springframework.http.converter.StringHttpMessageConverter">
                <constructor-arg value="UTF-8" />
            </bean>
            <!-- 将Jackson2HttpMessageConverter的默认格式化输出设为true -->
            <bean class="org.springframework.http.converter.json.MappingJackson2HttpMessageConverter">
                <property name="prettyPrint" value="true"/>
                <property name="objectMapper">
                    <bean class="cn.dakaqi.blank.util.MyJsonObjectMapping"/>
                </property>
            </bean>
        </mvc:message-converters>
    </mvc:annotation-driven>

    <!-- 静态资源配置 -->
    <mvc:resources mapping="/static/**" location="/static/"/>

    <!--访问/默认跳转页面设置（首页设置）-->
    <mvc:view-controller path="/" view-name="redirect:/static/index.html"/>


    <!-- 对模型视图名称的解析,即在模型视图名称添加前后缀
    <bean class="org.springframework.web.servlet.view.InternalResourceViewResolver">
        <property name="prefix" value="/WEB-INF/pages/"/>
        <property name="suffix" value=".jsp"/>
    </bean>
    -->

    <!-- 上传限制 -->
    <bean id="multipartResolver" class="org.springframework.web.multipart.commons.CommonsMultipartResolver">
        <!-- 上传文件大小限制为31M，31*1024*1024 -->
        <property name="maxUploadSize" value="32505856"/>
    </bean>

    <!-- 校验器 -->
    <bean id="validator"
          class="org.springframework.validation.beanvalidation.LocalValidatorFactoryBean">
        <!-- 校验器-->
        <property name="providerClass" value="org.hibernate.validator.HibernateValidator" />
        <!-- 指定校验使用的资源文件，在文件中配置校验的错误信息，如果不指定则默认使用classpath下的ValidationMessages.properties -->
        <property name="validationMessageSource" ref="messageSource" />
    </bean>
    <!-- 校验错误信息配置文件 -->
    <bean id="messageSource"
          class="org.springframework.context.support.ReloadableResourceBundleMessageSource">
        <!-- 资源文件名-->
        <property name="basenames">
            <list>
                <value>CustomValidationMessages</value>
            </list>
        </property>
        <!-- 资源文件编码格式 -->
        <property name="fileEncodings" value="utf-8" />
        <!-- 对资源文件内容缓存时间，单位秒 -->
        <property name="cacheSeconds" value="120" />
    </bean>

</beans>