<?xml version="1.0" encoding="UTF-8"?>
<beans xmlns="http://www.springframework.org/schema/beans"
       xmlns:xsi="http://www.w3.org/2001/XMLSchema-instance"
       xmlns:context="http://www.springframework.org/schema/context"
       xsi:schemaLocation="http://www.springframework.org/schema/beans http://www.springframework.org/schema/beans/spring-beans.xsd http://www.springframework.org/schema/context http://www.springframework.org/schema/context/spring-context.xsd">


    <!-- 引入属性文件 -->
    <context:property-placeholder location="classpath:*.properties"/>
    <!-- Service包(自动注入) -->
    <context:component-scan base-package="cn.dakaqi.blank.service"/>

    <context:component-scan base-package="cn.dakaqi.blank.mapper"/>

    <import resource="classpath:spring/spring-mybatis.xml"/>

    <bean id="jedisPoolConfig" class="redis.clients.jedis.JedisPoolConfig">
        <property name="maxTotal" value="${redis.maxTotal}"/>
        <property name="maxIdle" value="${redis.maxIdle}"/>
        <property name="maxWaitMillis" value="${redis.maxWait}"/>
        <property name="testOnBorrow" value="${redis.testOnBorrow}"/>
        <property name="testOnReturn" value="${redis.testOnReturn}"/>
        <!-- <property name="testWhileIdle" value="true"/> -->
    </bean>

    <bean id="shardedJedisPool" class="redis.clients.jedis.ShardedJedisPool">
        <constructor-arg index="0" ref="jedisPoolConfig"/>
        <constructor-arg index="1">
            <list>
                <bean class="redis.clients.jedis.JedisShardInfo">
                    <constructor-arg name="host" value="${redis.host}"/>
                    <constructor-arg name="port" value="${redis.port}"/>
                    <constructor-arg name="timeout" value="${redis.timeout}"/>
                    <constructor-arg name="weight" value="${redis.weight}"/>
                </bean>
            </list>
        </constructor-arg>
    </bean>

    <bean id="RestErrorHandler" class="cn.dakaqi.blank.exceptionhandler.RestErrorHandler"></bean >

    <!-- spring data redis -->
    <bean id="jedisConnectionFactory" class="org.springframework.data.redis.connection.jedis.JedisConnectionFactory">
        <property name="usePool" value="true"></property>
        <property name="hostName" value="${redis.host}" />
        <property name="port" value="${redis.port}" />
        <property name="timeout" value="${redis.timeout}" />
        <property name="database" value="${redis.database}"></property>
        <constructor-arg index="0" ref="jedisPoolConfig" />
    </bean>

    <!-- Redis Template -->
    <bean id="redisTemplate" class="org.springframework.data.redis.core.StringRedisTemplate">
        <property name="connectionFactory" ref="jedisConnectionFactory" />
    </bean>
</beans>