<?xml version="1.0" encoding="UTF-8"?>
<beans xmlns="http://www.springframework.org/schema/beans"
       xmlns:xsi="http://www.w3.org/2001/XMLSchema-instance"
       xsi:schemaLocation="http://www.springframework.org/schema/beans
      http://www.springframework.org/schema/beans/spring-beans-3.0.xsd">

    <bean id="cronJob" class="cn.dakaqi.apps.group.admin.cron.CronJob" />
    <!-- 每月1日统计社团上一月的新增活动量、人员量、公益时间 -->
    <bean id="groupMonthDataDetail" class="org.springframework.scheduling.quartz.MethodInvokingJobDetailFactoryBean">
        <property name="group" value="updateStatus" />
        <property name="name"  value="updateStatus_name" />
        <!--false表示等上一个任务执行完后再开启新的任务 -->
        <property name="concurrent" value="false" />
        <property name="targetObject">
            <ref bean="cronJob" />
        </property>
        <property name="targetMethod">
            <value>statistics</value>
        </property>
    </bean>


    <bean id="groupMonthDataTrigger"
          class="org.springframework.scheduling.quartz.CronTriggerFactoryBean">
        <property name="name" value="work_default_name" />
        <property name="group" value="work_default" />
        <property name="jobDetail">
            <ref bean="groupMonthDataDetail" />
        </property>
        <property name="cronExpression">
            <value>0 1 1 1 * ?</value>
        </property>
    </bean>
    <!-- 每月1日统计社团上一月的新增活动量、人员量、公益时间 -->


    <!-- 启动触发器的配置开始 -->
    <bean name="startQuertz" lazy-init="false" autowire="no"
          class="org.springframework.scheduling.quartz.SchedulerFactoryBean">
        <property name="triggers">
            <list>
                <ref bean="groupMonthDataTrigger" />
            </list>
        </property>
    </bean>
</beans>