<?xml version="1.0" encoding="UTF-8"?>
<!DOCTYPE mapper PUBLIC "-//mybatis.org//DTD Mapper 3.0//EN" "http://mybatis.org/dtd/mybatis-3-mapper.dtd">
<mapper namespace="cn.dakaqi.blank.mapper.ActivateRecordMapper">
	<!--开启二级缓存-->
	<cache type="org.mybatis.caches.ehcache.LoggingEhcache"/>

	<resultMap id="BaseResultMap" type="cn.dakaqi.blank.entity.ActivateRecord">
		<id column="id" property="id" />
		<result column="realName" property="realName" />
		<result column="mobile" property="mobile" />
		<result column="idNo" property="idNo" />
		<result column="backAccount" property="backAccount" />
		<result column="passportNo" property="passportNo" />
		<result column="status" property="status" />
		<result column="createTime" property="createTime" />
	</resultMap>

    <!-- 通用查询结果列-->
    <sql id="Base_Column_List">
        id, realName, mobile, idNo, backAccount, passportNo, status, createTime
    </sql>
</mapper>
