<!DOCTYPE mapper PUBLIC "-//mybatis.org//DTD Mapper 3.0//EN" "http://mybatis.org/dtd/mybatis-3-mapper.dtd">
<mapper namespace="cn.dakaqi.blank.mapper.AdminUserMapper">
	<!--开启二级缓存-->
	<cache type="org.mybatis.caches.ehcache.LoggingEhcache"/>

	<resultMap id="BaseResultMap" type="cn.dakaqi.blank.entity.AdminUser">
		<id column="id" property="id" />
		<result column="name" property="name" />
		<result column="mobile" property="mobile" />
		<result column="passWord" property="passWord" />
		<result column="role" property="role" />
	</resultMap>

    <!-- 通用查询结果列-->
    <sql id="Base_Column_List">
        id, name, mobile, passWord, role
    </sql>

	<select id="selectByMobile" resultMap="BaseResultMap">
		select
		<include refid="Base_Column_List" />
		from adminUser WHERE
		mobile = #{mobile,jdbcType=VARCHAR}
	</select>

</mapper>
