<?xml version="1.0" encoding="UTF-8"?>
<!DOCTYPE mapper PUBLIC "-//mybatis.org//DTD Mapper 3.0//EN" "http://mybatis.org/dtd/mybatis-3-mapper.dtd">
<mapper namespace="cn.dakaqi.blank.mapper.BankAccountMapper">
	<!--开启二级缓存-->
	<cache type="org.mybatis.caches.ehcache.LoggingEhcache"/>

	<resultMap id="BaseResultMap" type="cn.dakaqi.blank.entity.BankAccount">
		<id column="id" property="id" />
		<result column="channel" property="channel" />
		<result column="realName" property="realName" />
		<result column="idNo" property="idNo" />
		<result column="mobile" property="mobile" />
		<result column="systemId" property="systemId" />
		<result column="bankAcnt" property="bankAcnt" />
		<result column="bankAcctStatus" property="bankAcctStatus" />
		<result column="isNewCus" property="isNewCus" />
		<result column="bankMobile" property="bankMobile" />
		<result column="tradeTime" property="tradeTime" />
		<result column="channelBankAcct" property="channelBankAcct" />
	</resultMap>

    <!-- 通用查询结果列-->
    <sql id="Base_Column_List">
        id, channel, realName, idNo, mobile, systemId, bankAcnt, bankAcctStatus, isNewCus, bankMobile, tradeTime, channelBankAcct
    </sql>
</mapper>
