<?xml version="1.0" encoding="UTF-8"?>
<!DOCTYPE mapper PUBLIC "-//mybatis.org//DTD Mapper 3.0//EN" "http://mybatis.org/dtd/mybatis-3-mapper.dtd">
<mapper namespace="cn.dakaqi.blank.mapper.ChannelMapper">
	<!--开启二级缓存-->
	<cache type="org.mybatis.caches.ehcache.LoggingEhcache"/>

	<resultMap id="BaseResultMap" type="cn.dakaqi.blank.entity.Channel">
		<id column="id" property="id" />
		<result column="code" property="code" />
		<result column="name" property="name" />
		<result column="hasInsurance" property="hasInsurance" />
		<result column="retUrl" property="retUrl" />
		<result column="pageRetUrl" property="pageRetUrl" />
		<result column="orderRetUrl" property="orderRetUrl" />
		<result column="delStatus" property="delStatus" />
		<result column="createTime" property="createTime" />
		<result column="updateTime" property="updateTime" />
		<result column="mobile" property="mobile" />
		<result column="passWord" property="passWord" />
		<result column="shopType" property="shopType" />
		<result column="approval" property="approval" />
		<result column="frozen" property="frozen" />
		<result column="business" property="business" />
		<result column="businessCode" property="businessCode" />
		<result column="baseAddress" property="baseAddress" />
		<result column="ORCode" property="ORCode" />
		<result column="orgName" property="orgName" />
		<result column="picture" property="picture" />
		<result column="bankName" property="bankName" />
		<result column="cardNo" property="cardNo" />
	</resultMap>

    <!-- 通用查询结果列-->
    <sql id="Base_Column_List">
        id, code, name, hasInsurance, retUrl, pageRetUrl, orderRetUrl, delStatus, createTime, updateTime, mobile, passWord, shopType, approval, frozen, business,
         businessCode, baseAddress, ORCode,orgName, picture , bankName , cardNo
    </sql>


	<select id="queryPage" resultMap="BaseResultMap">
		select
		<include refid="Base_Column_List" />
		from channel WHERE 1=1
		<if test="name != null" >
			AND name = #{name,jdbcType=VARCHAR}
		</if>
		<if test="business != null" >
			AND business = #{business,jdbcType=VARCHAR}
		</if>
		<if test="keyWords != null" >
			AND ( name = #{keyWords,jdbcType=VARCHAR} or mobile= #{keyWords,jdbcType=VARCHAR})
		</if>
		ORDER BY createTime DESC
		limit #{pageSize, jdbcType=INTEGER}
		offset #{pageNo, jdbcType=INTEGER}
	</select>

	<select id="queryPageCount" resultType="java.lang.Integer">
		select count(1)
		from channel WHERE 1=1
		<if test="name != null" >
			AND  name = #{name,jdbcType=VARCHAR}
		</if>
		<if test="business != null" >
			AND business = #{business,jdbcType=VARCHAR}
		</if>
		<if test="keyWords != null" >
			AND ( name = #{keyWords,jdbcType=VARCHAR} or mobile= #{keyWords,jdbcType=VARCHAR})
		</if>
	</select>

	<select id="selectByBusiness" resultMap="BaseResultMap">
		select
		<include refid="Base_Column_List" />
		from channel WHERE
		business = #{business,jdbcType=VARCHAR}
		ORDER BY CONVERT(businessCode USING gbk)  DESC
	</select>

	<select id="selectByMobile" resultMap="BaseResultMap">
		select
		<include refid="Base_Column_List" />
		from channel WHERE
		mobile = #{mobile,jdbcType=VARCHAR}
	</select>

	<select id="selectByCodeDesc" resultMap="BaseResultMap">
		select
		<include refid="Base_Column_List" />
		from channel
		ORDER BY  code DESC
	</select>

</mapper>
