<?xml version="1.0" encoding="UTF-8"?>
<!DOCTYPE mapper PUBLIC "-//mybatis.org//DTD Mapper 3.0//EN" "http://mybatis.org/dtd/mybatis-3-mapper.dtd">
<mapper namespace="cn.dakaqi.blank.mapper.ChannelExplainMapper">
	<!--开启二级缓存-->
	<cache type="org.mybatis.caches.ehcache.LoggingEhcache"/>

	<resultMap id="BaseResultMap" type="cn.dakaqi.blank.entity.ChannelExplain">
		<id column="id" property="id" />
		<result column="channel" property="channel" />
		<result column="title" property="title" />
		<result column="adsImg" property="adsImg" />
		<result column="demo" property="demo" />
		<result column="detailTitle" property="detailTitle" />
		<result column="detailUrl" property="detailUrl" />
		<result column="createTime" property="createTime" />
	</resultMap>

    <!-- 通用查询结果列-->
    <sql id="Base_Column_List">
        id, channel, title, adsImg, demo, detailTitle, detailUrl, createTime
    </sql>
</mapper>
