<?xml version="1.0" encoding="UTF-8"?>
<!DOCTYPE mapper PUBLIC "-//mybatis.org//DTD Mapper 3.0//EN" "http://mybatis.org/dtd/mybatis-3-mapper.dtd">
<mapper namespace="cn.dakaqi.blank.mapper.InsuranceUserMapper">
	<!--开启二级缓存-->
	<cache type="org.mybatis.caches.ehcache.LoggingEhcache"/>

	<resultMap id="BaseResultMap" type="cn.dakaqi.blank.entity.InsuranceUser">
		<id column="id" property="id" />
		<result column="name" property="name" />
		<result column="cardNo" property="cardNo" />
		<result column="cardType" property="cardType" />
		<result column="phone" property="phone" />
		<result column="createTime" property="createTime" />
	</resultMap>

    <!-- 通用查询结果列-->
    <sql id="Base_Column_List">
        id, name, cardNo, cardType, phone, createTime
    </sql>
</mapper>
