<?xml version="1.0" encoding="UTF-8"?>
<!DOCTYPE mapper PUBLIC "-//mybatis.org//DTD Mapper 3.0//EN" "http://mybatis.org/dtd/mybatis-3-mapper.dtd">
<mapper namespace="cn.dakaqi.blank.mapper.InsuranceMapper">
	<!--开启二级缓存-->
	<cache type="org.mybatis.caches.ehcache.LoggingEhcache"/>

	<resultMap id="BaseResultMap" type="cn.dakaqi.blank.entity.Insurance">
		<id column="id" property="id" />
		<result column="volunteerCode" property="volunteerCode" />
		<result column="insuranceNo" property="insuranceNo" />
		<result column="periodStart" property="periodStart" />
		<result column="periodEnd" property="periodEnd" />
		<result column="insuranceProcessDate" property="insuranceProcessDate" />
		<result column="premium" property="premium" />
		<result column="serviceProvider" property="serviceProvider" />
		<result column="serviceProviderUrl" property="serviceProviderUrl" />
		<result column="transactionBatch" property="transactionBatch" />
		<result column="payId" property="payId" />
		<result column="status" property="status" />
		<result column="createTime" property="createTime" />
	</resultMap>

    <!-- 通用查询结果列-->
    <sql id="Base_Column_List">
        id, volunteerCode, insuranceNo, periodStart, periodEnd, insuranceProcessDate, premium, serviceProvider, serviceProviderUrl, transactionBatch, payId, status, createTime
    </sql>
</mapper>
