<?xml version="1.0" encoding="UTF-8"?>
<!DOCTYPE mapper PUBLIC "-//mybatis.org//DTD Mapper 3.0//EN" "http://mybatis.org/dtd/mybatis-3-mapper.dtd">
<mapper namespace="cn.dakaqi.blank.mapper.OrderInfoMapper">

	<resultMap id="BaseResultMap" type="cn.dakaqi.blank.entity.OrderInfo">
		<id column="id" property="id" />
		<result column="uuid" property="uuid" />
		<result column="orderCode" property="orderCode" />
		<result column="orderStatus" property="orderStatus" />
		<result column="orderChannel" property="orderChannel" />
		<result column="orderBusiness" property="orderBusiness" />
		<result column="beneficiary" property="beneficiary" />
		<result column="sourceOrderCode" property="sourceOrderCode" />
		<result column="sourcePayUser" property="sourcePayUser" />
		<result column="orderTime" property="orderTime" />
		<result column="total" property="total" />
		<result column="payState" property="payState" />
		<result column="payTime" property="payTime" />
		<result column="payPattern" property="payPattern" />
		<result column="payChannel" property="payChannel" />
		<result column="openId" property="openId" />
		<result column="prepayId" property="prepayId" />
		<result column="transactionId" property="transactionId" />
		<result column="bankType" property="bankType" />
		<result column="feeType" property="feeType" />
		<result column="tradeType" property="tradeType" />
		<result column="mchId" property="mchId" />
		<result column="totalFee" property="totalFee" />
		<result column="timeEnd" property="timeEnd" />
		<result column="refundReason" property="refundReason" />
		<result column="refundStatus" property="refundStatus" />
		<result column="refundTime" property="refundTime" />
		<result column="createTime" property="createTime" />
		<result column="updateTime" property="updateTime" />
	</resultMap>

    <!-- 通用查询结果列-->
    <sql id="Base_Column_List">
        id, uuid, orderCode, orderStatus, orderChannel, orderBusiness, beneficiary, sourceOrderCode, sourcePayUser, orderTime, total, payState, payTime, payPattern, payChannel, openId, prepayId, transactionId, bankType, feeType, tradeType, mchId, totalFee, timeEnd, refundReason, refundStatus, refundTime, createTime, updateTime
    </sql>

</mapper>
