<?xml version="1.0" encoding="UTF-8"?>
<!DOCTYPE mapper PUBLIC "-//mybatis.org//DTD Mapper 3.0//EN" "http://mybatis.org/dtd/mybatis-3-mapper.dtd">
<mapper namespace="cn.dakaqi.blank.mapper.TradeListMapper">
	<!--开启二级缓存-->
	<cache type="org.mybatis.caches.ehcache.LoggingEhcache"/>

	<resultMap id="BaseResultMap" type="cn.dakaqi.blank.entity.TradeList">
		<id column="id" property="id" />
		<result column="channel" property="channel" />
		<result column="business" property="business" />
		<result column="orderCode" property="orderCode" />
		<result column="finishDate" property="finishDate" />
		<result column="phone" property="phone" />
		<result column="name" property="name" />
		<result column="openId" property="openId" />
		<result column="passportCode" property="passportCode" />
		<result column="cardNo" property="cardNo" />
		<result column="cardType" property="cardType" />
		<result column="money" property="money" />
		<result column="pingAnOld" property="pingAnOld" />
		<result column="pingAnNew" property="pingAnNew" />
		<result column="createTime" property="createTime" />
	</resultMap>

    <!-- 通用查询结果列-->
    <sql id="Base_Column_List">
        id, channel, business, orderCode, finishDate, phone, name, openId, passportCode, cardNo, cardType, money, pingAnOld, pingAnNew, createTime
    </sql>


	<select id="queryPage" resultMap="BaseResultMap">
		select
		<include refid="Base_Column_List" />
		from tradeList WHERE 1=1
		<if test="channel != null" >
			AND channel = #{channel,jdbcType=VARCHAR}
		</if>
		ORDER BY createTime DESC
		limit #{pageSize, jdbcType=INTEGER}
		offset #{pageNo, jdbcType=INTEGER}
	</select>

	<select id="queryPageCount" resultType="java.lang.Integer">
		select count(1)
		from tradeList WHERE 1=1
		<if test="channel != null" >
			AND  channel = #{channel,jdbcType=VARCHAR}
		</if>
	</select>


</mapper>
