<?xml version="1.0" encoding="UTF-8"?>
<beans xmlns="http://www.springframework.org/schema/beans"
       xmlns:xsi="http://www.w3.org/2001/XMLSchema-instance"
       xsi:schemaLocation="http://www.springframework.org/schema/beans
      http://www.springframework.org/schema/beans/spring-beans-3.0.xsd">

    <bean id="activityJob" class="cn.dakaqi.open.cron.ActivityJob" />

    <!--定时修改活动的进行状态-->
    <bean id="activityDetail" class="org.springframework.scheduling.quartz.MethodInvokingJobDetailFactoryBean">
        <!--false表示等上一个任务执行完后再开启新的任务 -->
        <property name="concurrent" value="false" />
        <property name="targetObject">
            <ref bean="activityJob" />
        </property>
        <property name="targetMethod">
            <value>updateStatus</value>
        </property>
    </bean>
    <!-- 调度触发器 -->
    <bean id="activityUpdateStatusTrigger"
          class="org.springframework.scheduling.quartz.CronTriggerFactoryBean">
        <property name="jobDetail">
            <ref bean="activityDetail" />
        </property>
        <property name="cronExpression">
            <value>0 */2 * * * ?</value>
            <!--<value>0 */2 06-22 * * ?</value>-->
        </property>
    </bean>
    <!--定时修改活动的进行状态-->


    <!--7天后将已结束的进行活动封存-->
    <bean id="activityLockDetail" class="org.springframework.scheduling.quartz.MethodInvokingJobDetailFactoryBean">
        <!--false表示等上一个任务执行完后再开启新的任务 -->
        <property name="concurrent" value="false" />
        <property name="targetObject">
            <ref bean="activityJob" />
        </property>
        <property name="targetMethod">
            <value>locked</value>
        </property>
    </bean>
    <!-- 调度触发器 -->
    <bean id="activityLockedTrigger"
          class="org.springframework.scheduling.quartz.CronTriggerFactoryBean">
        <property name="jobDetail">
            <ref bean="activityLockDetail" />
        </property>
        <property name="cronExpression">
            <value>0 */2 * * * ?</value>
            <!--<value>0 */2 06-22 * * ?</value>-->
        </property>
    </bean>
    <!--7天后将已结束的进行活动封存-->

    <!--更新首页容器中的数据状态-->
    <bean id="indexDataStatusDetail" class="org.springframework.scheduling.quartz.MethodInvokingJobDetailFactoryBean">
        <!--false表示等上一个任务执行完后再开启新的任务 -->
        <property name="concurrent" value="false" />
        <property name="targetObject">
            <ref bean="activityJob" />
        </property>
        <property name="targetMethod">
            <value>updateIndexDataStatus</value>
        </property>
    </bean>
    <!-- 调度触发器 -->
    <bean id="indexDataStatusTrigger"
          class="org.springframework.scheduling.quartz.CronTriggerFactoryBean">
        <property name="jobDetail">
            <ref bean="indexDataStatusDetail" />
        </property>
        <property name="cronExpression">
            <value>0 */2 * * * ?</value>
            <!--<value>0 */2 06-22 * * ?</value>-->
        </property>
    </bean>
    <!--更新首页容器中的数据状态-->


    <!--更新社团招募状态-->
    <bean id="groupRecruitStatusDetail" class="org.springframework.scheduling.quartz.MethodInvokingJobDetailFactoryBean">
        <!--false表示等上一个任务执行完后再开启新的任务 -->
        <property name="concurrent" value="false" />
        <property name="targetObject">
            <ref bean="activityJob" />
        </property>
        <property name="targetMethod">
            <value>updateGroupRecruitStatus</value>
        </property>
    </bean>
    <!-- 调度触发器 -->
    <bean id="groupRecruitStatusTrigger"
          class="org.springframework.scheduling.quartz.CronTriggerFactoryBean">
        <property name="jobDetail">
            <ref bean="groupRecruitStatusDetail" />
        </property>
        <property name="cronExpression">
            <value>0 */2 * * * ?</value>
            <!--<value>0 */2 06-22 * * ?</value>-->
        </property>
    </bean>
    <!--更新社团招募状态-->


    <!--活动开始前、结束后5分钟，提示去签到签出-->
    <bean id="activitySignInfo" class="org.springframework.scheduling.quartz.MethodInvokingJobDetailFactoryBean">
        <!--false表示等上一个任务执行完后再开启新的任务 -->
        <property name="concurrent" value="false" />
        <property name="targetObject">
            <ref bean="activityJob" />
        </property>
        <property name="targetMethod">
            <value>signInOrOut</value>
        </property>
    </bean>
    <!-- 调度触发器 -->
    <bean id="activitySignInfoTrigger"
          class="org.springframework.scheduling.quartz.CronTriggerFactoryBean">
        <property name="jobDetail">
            <ref bean="activitySignInfo" />
        </property>
        <property name="cronExpression">
            <value>0 */1 * * * ?</value>
            <!--<value>0 */2 06-22 * * ?</value>-->
        </property>
    </bean>
    <!--活动开始前5、结束后5分钟，提示去签到签出-->



    <!-- 每月1日统计社团上一月的新增活动量、人员量、公益时间 -->
    <bean id="groupMonthDataDetail" class="org.springframework.scheduling.quartz.MethodInvokingJobDetailFactoryBean">
        <property name="concurrent" value="false" />
        <property name="targetObject">
            <ref bean="activityJob" />
        </property>
        <property name="targetMethod">
            <value>statistics</value>
        </property>
    </bean>
    <bean id="groupMonthDataTrigger"
          class="org.springframework.scheduling.quartz.CronTriggerFactoryBean">
        <property name="jobDetail">
            <ref bean="groupMonthDataDetail" />
        </property>
        <property name="cronExpression">
            <value>0 1 1 1 * ?</value>
        </property>
    </bean>
    <!-- 每月1日统计社团上一月的新增活动量、人员量、公益时间 -->

    <!-- 启动触发器的配置开始 -->
    <bean name="startQuertz" lazy-init="false" autowire="no"
          class="org.springframework.scheduling.quartz.SchedulerFactoryBean">
        <property name="triggers">
            <list>
                <ref bean="activityUpdateStatusTrigger" />
                <ref bean="activityLockedTrigger" />
                <ref bean="groupRecruitStatusTrigger" />
                <ref bean="activitySignInfoTrigger" />
                <ref bean="indexDataStatusTrigger" />
                <ref bean="groupMonthDataTrigger" />
            </list>
        </property>
    </bean>
</beans>