<?xml version="1.0" encoding="UTF-8"?>
<beans xmlns="http://www.springframework.org/schema/beans" xmlns:xsi="http://www.w3.org/2001/XMLSchema-instance"
	   xmlns:mvc="http://www.springframework.org/schema/mvc"
	   xsi:schemaLocation="http://www.springframework.org/schema/beans http://www.springframework.org/schema/beans/spring-beans-4.0.xsd http://www.springframework.org/schema/mvc http://www.springframework.org/schema/mvc/spring-mvc.xsd"
	   default-lazy-init="true">
	<import resource="classpath:applicationContext-service.xml"/>
	<import resource="classpath:applicationContext-entity.xml"/>

	<mvc:interceptors>
		<bean class="org.springframework.web.servlet.i18n.LocaleChangeInterceptor">
			<property name="paramName" value="lang" />
		</bean>

	</mvc:interceptors>

	<mvc:interceptors>
		<bean class="cn.dakaqi.open.auth.EncryptionInterceptor" />
		<bean class="cn.dakaqi.open.auth.LoginInterceptor" />
	</mvc:interceptors>

	<bean class="org.springframework.web.servlet.mvc.method.annotation.RequestMappingHandlerAdapter">
		<property name="messageConverters">
			<list>
				<bean class="org.springframework.http.converter.StringHttpMessageConverter">
					<property name="supportedMediaTypes">
						<list>
							<value>text/plain;charset=UTF-8</value>
						</list>
					</property>
				</bean>
				<bean class="org.springframework.http.converter.json.MappingJackson2HttpMessageConverter">
					<property name="supportedMediaTypes">
						<list>
							<value>application/json;charset=UTF-8</value>
						</list>
					</property>
				</bean>
			</list>
		</property>
	</bean>
</beans>